{"f_x": 1109.722179889679, "f_y": 1109.2591693401337, "c_x": 399.5, "c_y": 299.5}